country,year,deaths,prevalence,death_rate_per_100k,health_expenditure_pct_gdp,gdp_per_capita_usd,life_expectancy,who_region,income_level,mortality_burden_score,healthcare_gap
Nigeria,1990,46,1938,42.29840465775025,5.800187583519493,1000.0,50.0,Africa,Low,81.97430822671998,7.292592532340827
Nigeria,1991,52,2024,47.05853174138919,6.462596022952685,1020.7704121894777,50.07084650021875,Africa,Low,95.24646824457172,7.281676214056266
Nigeria,1992,37,1815,45.84181890650435,2.9854737545312364,1082.3391121695147,50.881087988285266,Africa,Low,83.2029013153054,15.354956256750679
Nigeria,1993,46,1861,44.62067673586007,2.0,1049.1101951333883,50.90618967510096,Africa,Low,83.0390794054356,22.310338367930036
Nigeria,1994,52,1703,43.03813138733406,7.6337058428159725,1140.728845122899,51.52588758798222,Africa,Low,73.2939377526299,5.637908019187948
Nigeria,1995,52,1603,41.58776451445992,7.178036292470827,1233.114405374757,51.676231486262516,Africa,Low,66.66518651667926,5.793752332804737
Nigeria,1996,39,1578,40.37945751227877,2.1909572368505663,1072.8871561059257,51.09207041651595,Africa,Low,63.718783954375894,18.430052779269666
Nigeria,1997,48,1688,41.44503097737703,2.0,1053.009681092792,51.11334148041094,Africa,Low,69.95921228981243,20.722515488688515
Nigeria,1998,41,1817,41.83537834939609,3.9085789165707236,1323.0864883448507,50.183026974782905,Africa,Low,76.01488246085269,10.703475417122002
Nigeria,1999,42,1569,43.17734026094188,2.0,1269.9684985691088,51.64142933219694,Africa,Low,67.74524686941781,21.58867013047094
Nigeria,2000,49,1670,46.27982923992268,5.182252692148141,1245.5879891117777,51.18783846693911,Africa,Low,77.28731483067088,8.930446272919745
Nigeria,2001,46,1957,39.28746777507918,7.09816289508552,1288.2082558937418,54.02799061587051,Africa,Low,76.88557443582995,5.534878299606259
Nigeria,2002,42,2026,42.34293256704635,5.282324255856889,1583.5004788467245,54.95408001411353,Africa,Low,85.7867813808359,8.015966176271313
Nigeria,2003,41,1866,44.879974176342316,2.0,1037.4467281285552,50.54399483238563,Africa,Low,83.74603181305477,22.439987088171158
Nigeria,2004,33,2134,40.38506545967034,2.0,1223.4680490115936,56.12157121867099,Africa,Low,86.18172969093649,20.19253272983517
Nigeria,2005,40,2196,40.218692078231314,7.288381754406635,1347.8080791731204,56.64814689202632,Africa,Low,88.32024780379597,5.518192300220094
Nigeria,2006,36,1918,43.732274406429866,2.0,1314.8076966844735,54.35710526554686,Africa,Low,83.87850231153249,21.866137203214933
Nigeria,2007,49,1485,43.22467708829743,2.0,1144.8659563722504,51.176832501665004,Africa,Low,64.18864547612169,21.612338544148717
Nigeria,2008,39,1835,38.76158599572104,6.460487623295937,1129.612483078665,51.844636797368004,Africa,Low,71.12751030214811,5.999792624932869
Nigeria,2009,36,1614,39.80176338935034,6.401544834370037,1376.7682489227882,53.583421684519145,Africa,Low,64.24004611041146,6.2175247411615056
Nigeria,2010,45,1745,38.143038452189344,5.5646323178327535,1682.467624661395,53.927143553469556,Africa,Low,66.55960209907042,6.854547843161871
Nigeria,2011,47,1482,41.29234700235313,5.864936789140135,1316.6071696344482,57.753469510299134,Africa,Low,61.195258257487346,7.040544252550598
Nigeria,2012,43,1557,40.97672294353964,3.2713274874166354,1098.2273546384702,51.58595523429327,Africa,Low,63.80075762309122,12.526022876388609
Nigeria,2013,37,1491,40.46515377970862,6.845774144931004,1779.0336579269765,59.914289578346,Africa,Low,60.33354428554556,5.910968273715442
Nigeria,2014,42,1619,38.33453553955594,5.078951319172493,1818.0750412885814,59.656292442559206,Africa,Low,62.06361303854106,7.547726514890427
Nigeria,2015,32,1440,38.1826636428931,2.0,1224.1232251008248,56.57994517740158,Africa,Low,54.98303564576606,19.09133182144655
Nigeria,2016,31,1557,37.45987853478475,2.0,1181.1953676580179,57.62844317570754,Africa,Low,58.32503087865985,18.729939267392375
Nigeria,2017,32,1506,40.7584394942717,4.551329941504317,2132.998398233027,63.268327456714815,Africa,Low,61.382209878373175,8.955281207496927
Nigeria,2018,39,1956,37.47886919472318,5.570099934288841,2122.497701110755,61.414286988530556,Africa,Low,73.30866814487854,6.7285811092917625
Nigeria,2019,44,1565,38.581098253374385,2.0,2041.2270186648707,54.160222079571504,Africa,Low,60.37941876653092,19.290549126687193
Nigeria,2020,42,1834,37.778174553367414,2.045464809112638,1181.1247752816012,56.44942487575949,Africa,Low,69.28517213087584,18.469237106922563
Nigeria,2021,40,1887,37.9970963311381,4.9672961959170445,1603.8200490027211,54.33432431982659,Africa,Low,71.70052077685759,7.649452505443601
Nigeria,2022,37,1854,36.15633973840599,2.0,2419.118874783013,63.355164393300555,Africa,Low,67.0338538750047,18.078169869202995
Democratic Republic of the Congo,1990,22,832,23.274179559893213,7.598978384786173,1000.0,50.0,Africa,Lower-middle,19.364117393831155,3.0628037587908103
Democratic Republic of the Congo,1991,23,963,23.752024078723334,3.4924248945377405,1026.1164824467428,50.32817118123234,Africa,Lower-middle,22.87319918781057,6.801012132250067
Democratic Republic of the Congo,1992,23,816,26.648171789347494,2.5219645889192663,1071.8713194788388,50.19146094813175,Africa,Lower-middle,21.744908180107554,10.566433766132693
Democratic Republic of the Congo,1993,23,950,24.362827394994042,5.124855611095792,1049.0752957576756,50.84739677996887,Africa,Lower-middle,23.14468602524434,4.753856351044552
Democratic Republic of the Congo,1994,22,1090,26.456375648422323,3.214826603974268,1052.9921948180947,51.75046229952119,Africa,Lower-middle,28.837449456780334,8.229487592181842
Democratic Republic of the Congo,1995,26,1116,26.285743325065628,3.920279911819515,1050.2598394813715,52.30402011772841,Africa,Lower-middle,29.33488955077324,6.705067984001595
Democratic Republic of the Congo,1996,21,967,25.90117431546217,6.792026422847377,1299.8931882802679,52.649152100899855,Africa,Lower-middle,25.04643556305192,3.8134678375711903
Democratic Republic of the Congo,1997,24,1036,24.290961419377716,7.713179261449813,1309.683505873239,53.384856149004584,Africa,Lower-middle,25.165436030475313,3.1492800304516515
Democratic Republic of the Congo,1998,23,825,24.213042836716518,2.0,1041.369084239614,53.9147326797788,Africa,Lower-middle,19.975760340291128,12.106521418358259
Democratic Republic of the Congo,1999,27,989,21.907681920959366,2.0,1409.8424860599318,52.06910214269906,Africa,Lower-middle,21.66669741982881,10.953840960479683
Democratic Republic of the Congo,2000,27,939,25.000050432555625,4.142711700461345,1232.7320774419215,51.38063068635777,Africa,Lower-middle,23.475047356169732,6.034706791151202
Democratic Republic of the Congo,2001,19,864,22.34885390393867,4.176111143811009,1295.6046190322277,50.065135988481494,Africa,Lower-middle,19.30940977300301,5.351594613821436
Democratic Republic of the Congo,2002,24,876,23.356115586712235,2.0,1238.2045008770197,52.366881697897625,Africa,Lower-middle,20.459957253959917,11.678057793356118
Democratic Republic of the Congo,2003,28,965,21.05202794757565,7.008923603751358,1029.2952048819693,53.809526732246276,Africa,Lower-middle,20.3152069694105,3.003603568500598
Democratic Republic of the Congo,2004,26,825,21.135501373902247,2.0,1311.4749458438203,53.08198503798428,Africa,Lower-middle,17.436788633469355,10.567750686951124
Democratic Republic of the Congo,2005,25,951,23.65974796129391,5.4946180691862025,1137.9678382857032,53.468399103789544,Africa,Lower-middle,22.500420311190506,4.3059859053675975
Democratic Republic of the Congo,2006,21,904,25.145053990698514,4.776705657094889,1778.6341413147923,57.046607739004244,Africa,Lower-middle,22.731128807591457,5.264099527118718
Democratic Republic of the Congo,2007,22,830,20.998616096315434,5.150818137865709,1076.909942424036,52.4762219852434,Africa,Lower-middle,17.42885135994181,4.076753543664505
Democratic Republic of the Congo,2008,25,1058,23.631327811178647,2.4627378782236966,1823.5312862705935,53.66332330956915,Africa,Lower-middle,25.001944824227007,9.595551365873845
Democratic Republic of the Congo,2009,22,961,22.978826289695498,2.0,1440.7702656321749,52.910195842983626,Africa,Lower-middle,22.082652064397376,11.489413144847749
Democratic Republic of the Congo,2010,24,900,21.32108230849347,2.7990964252616095,1039.0262219372682,56.34061071590616,Africa,Lower-middle,19.188974077644122,7.617130341088823
Democratic Republic of the Congo,2011,22,933,22.96672278327313,2.0,1064.7211907348403,54.843155376164404,Africa,Lower-middle,21.42795235679383,11.483361391636565
Democratic Republic of the Congo,2012,23,1016,21.7285826969536,2.823518539447598,1782.1528402647627,50.65062940166927,Africa,Lower-middle,22.076240020104855,7.695569337825083
Democratic Republic of the Congo,2013,18,784,21.020604433198525,6.530464561495897,1542.1549504750428,60.781179347797,Africa,Lower-middle,16.480153875627643,3.218852845039167
Democratic Republic of the Congo,2014,18,847,20.36999440762082,2.0,2024.088410851025,54.30994243677561,Africa,Lower-middle,17.253385263254835,10.18499720381041
Democratic Republic of the Congo,2015,24,824,20.130480327735537,5.2688948519727,1121.9515348276902,61.90868077091072,Africa,Lower-middle,16.587515790054084,3.820626695596058
Democratic Republic of the Congo,2016,19,743,20.775456707449024,2.45485467115444,1119.4570541247579,62.0332946233179,Africa,Lower-middle,15.436164333634624,8.463008809266492
Democratic Republic of the Congo,2017,17,733,19.86846693529341,5.376666022371592,1669.6518325643715,55.687062878748904,Africa,Lower-middle,14.563586263570068,3.695313573992389
Democratic Republic of the Congo,2018,19,868,21.30900207218085,2.351759619335623,1712.4451269470617,62.48313797521711,Africa,Lower-middle,18.496213798652978,9.060875906271699
Democratic Republic of the Congo,2019,21,785,20.97240491812424,6.428210799924428,1269.3753357939909,53.64091101513515,Africa,Lower-middle,16.46333786072753,3.262557120617575
Democratic Republic of the Congo,2020,22,908,21.645850359193233,4.460772816636055,1716.8386551614194,58.47022081512786,Africa,Lower-middle,19.654432126147455,4.8524888509154644
Democratic Republic of the Congo,2021,23,933,22.86821213273286,5.804401784248852,1415.763091003296,50.64887209831048,Africa,Lower-middle,21.336041919839758,3.9398051655881776
Democratic Republic of the Congo,2022,24,757,19.45006200006989,2.9442707339761554,2119.737331891588,65.54114618494457,Africa,Lower-middle,14.723696934052908,6.606071165813996
India,1990,20,920,24.428069523623584,5.240763252069243,1000.0,50.0,South-East Asia,Lower-middle,22.4738239617337,4.661166389071
India,1991,21,1161,24.395867649660165,2.8020057953234265,1034.695410934082,50.343890340156406,South-East Asia,Lower-middle,28.323602341255448,8.70657287375247
India,1992,21,1148,22.361108121623946,4.697019035292892,1016.1496376406423,50.471461881895735,South-East Asia,Lower-middle,25.67055212362429,4.760702043914449
India,1993,28,822,23.30656354582208,5.612168544477387,1039.7978586858676,50.01420412518351,South-East Asia,Lower-middle,19.157995234665748,4.152862367035775
India,1994,27,1042,22.188942989161852,2.0,1180.3573846269533,50.38555317946453,South-East Asia,Lower-middle,23.12087859470665,11.094471494580926
India,1995,24,1008,25.737780315326745,2.0,1230.387266109977,50.14302092659824,South-East Asia,Lower-middle,25.94368255784936,12.868890157663373
India,1996,21,971,22.53928729813273,5.340017420388513,1257.9032042742951,52.26547717481889,South-East Asia,Lower-middle,21.885647966486882,4.220826548631911
India,1997,22,1097,25.269972773435,2.0,1260.4182815241752,53.147475384819565,South-East Asia,Lower-middle,27.7211601324582,12.6349863867175
India,1998,24,865,22.835428945469634,3.512248066124939,1344.8568520098413,52.0553074111693,South-East Asia,Lower-middle,19.752646037831234,6.501656066299425
India,1999,22,789,25.938839980517162,5.285348946216727,1343.7104202527012,50.27284563074912,South-East Asia,Lower-middle,20.465744744628044,4.907687315344483
India,2000,21,842,23.2450637821405,7.516507268413866,1084.6790526711543,50.51308699182583,South-East Asia,Lower-middle,19.572343704562304,3.092535262996649
India,2001,24,993,22.98885263107,2.0,1140.4784176577061,52.13667819510673,South-East Asia,Lower-middle,22.82793066265251,11.494426315535
India,2002,25,752,22.272863639817015,4.337628657132354,1407.1399536819117,50.24917451184582,South-East Asia,Lower-middle,16.749193457142397,5.134801846901714
India,2003,26,995,21.11820419269637,4.111601830405316,1623.9047580333931,50.672645753122175,South-East Asia,Lower-middle,21.01261317173289,5.136247395486388
India,2004,23,847,23.2808364055303,2.0,1239.7631271566506,51.763155432309645,South-East Asia,Lower-middle,19.718868435484165,11.64041820276515
India,2005,21,843,23.583434695196587,3.128049335985938,1303.9742920333665,50.03288997635492,South-East Asia,Lower-middle,19.88083544805072,7.539342306365274
India,2006,23,1067,23.998776691265512,2.0,1483.1588894225956,54.98327338850379,South-East Asia,Lower-middle,25.6066947295803,11.999388345632756
India,2007,26,810,21.487962272513606,2.0,1825.9606942137339,52.76444488351788,South-East Asia,Lower-middle,17.40524944073602,10.743981136256803
India,2008,21,738,23.20010584034704,3.1302473607835024,1817.0795537282547,52.26199147636702,South-East Asia,Lower-middle,17.121678110176116,7.411588659415095
India,2009,20,777,21.256919116928994,4.656406299684949,1288.107473519039,51.0827839689624,South-East Asia,Lower-middle,16.516626153853828,4.565091134415661
India,2010,21,802,24.31356109715165,2.6147645530447297,1193.8187748220614,51.83827075123545,South-East Asia,Lower-middle,19.499475999915624,9.298566124754915
India,2011,25,944,22.04246705144454,2.000352207207641,1713.721216341993,57.40725822140934,South-East Asia,Lower-middle,20.808088896563643,11.019292988515437
India,2012,24,1024,22.185987694981108,4.559186237015846,1571.43856129411,58.25817349136151,South-East Asia,Lower-middle,22.718451399660655,4.866216588138906
India,2013,18,984,23.447888887573196,6.171636024910332,1588.1850585341622,56.24282647007976,South-East Asia,Lower-middle,23.072722665372023,3.7992987261289235
India,2014,22,936,23.1037878813743,5.765083696182064,1333.9379609828013,55.00937431288883,South-East Asia,Lower-middle,21.625145456966344,4.007537288083921
India,2015,22,849,22.99239023650092,3.488045056120378,2218.385813848816,61.354930697810204,South-East Asia,Lower-middle,19.52053931078928,6.591769850035852
India,2016,24,737,20.749493571060203,3.8421125961488998,2150.2099073108375,56.05896952929555,South-East Asia,Lower-middle,15.29237676187137,5.40054281383066
India,2017,19,748,22.029115562670924,2.0,1945.8268944837127,52.46155481779447,South-East Asia,Lower-middle,16.47777844087785,11.014557781335462
India,2018,24,824,22.765343005898206,3.980703382158483,1592.7410859262873,55.27644903290155,South-East Asia,Lower-middle,18.75864263686012,5.718924727708298
India,2019,17,723,20.031087947110013,5.965104800341025,2324.1542012336677,63.787946017873516,South-East Asia,Lower-middle,14.48247658576054,3.3580445972994197
India,2020,24,895,21.456634460933305,3.1299433885657146,2016.6996912446948,64.28804027823044,South-East Asia,Lower-middle,19.20368784253531,6.85527876936002
India,2021,22,883,21.616812399801354,2.0,2321.797755223265,53.66384929589501,South-East Asia,Lower-middle,19.087645349024594,10.808406199900677
India,2022,19,813,20.804267560284842,3.297816395323443,1808.7656324549157,57.30440276504068,South-East Asia,Lower-middle,16.913869526511576,6.308497825951406
Tanzania,1990,35,1386,36.844564660680334,7.219914670832426,1000.0,50.0,Africa,Low,51.06656661970294,5.103185610977907
Tanzania,1991,40,1551,34.098849064121495,6.357706323532018,1045.4630563583007,50.40206292551519,Africa,Low,52.88731489845244,5.363388512915442
Tanzania,1992,33,1695,37.38335799359079,5.17660194256477,1051.813529701079,50.84061192694259,Africa,Low,63.36479179913639,7.221601816860781
Tanzania,1993,36,1701,32.90962086512818,5.097560332177783,1068.2204216102036,51.47112590227746,Africa,Low,55.97926509158304,6.4559551472868035
Tanzania,1994,40,1689,33.58290598365307,6.014565621765854,1088.5691333292716,51.4692921094005,Africa,Low,56.72152820639004,5.583596238790933
Tanzania,1995,39,1454,32.91546843764839,2.3763017704279106,1004.8274675477049,50.827586104921146,Africa,Low,47.85909110834076,13.85155237742434
Tanzania,1996,32,1583,33.869373355867346,2.0,1279.9149049622156,52.02191255055966,Africa,Low,53.615218022338006,16.934686677933673
Tanzania,1997,35,1445,33.1535758961493,2.0,1063.937734903479,53.41701847679946,Africa,Low,47.90691716993574,16.57678794807465
Tanzania,1998,31,1705,31.195366918828526,2.4530086128424826,1008.0893741393176,52.96784867583845,Africa,Low,53.18810059660264,12.717186052877388
Tanzania,1999,33,1682,35.882503976982214,6.384468687849842,1319.3759079655176,52.063097074668846,Africa,Low,60.35437168928408,5.620280360254489
Tanzania,2000,32,1288,36.36255437946091,4.977094766727922,1474.2168215489132,54.10603494756099,Africa,Low,46.83497004074565,7.305979910719411
Tanzania,2001,31,1249,31.476401535313943,4.645071682033622,1457.2472625646406,55.09337473668636,Africa,Low,39.314025517607114,6.776300494362556
Tanzania,2002,27,1312,29.75604078299271,2.0,1493.2885844163975,50.645251295372674,Africa,Low,39.03992550728643,14.878020391496355
Tanzania,2003,38,1269,34.55934719629881,3.452061511530658,1643.8912356928422,55.90688028623568,Africa,Low,43.85581159210319,10.011219985757165
Tanzania,2004,36,1626,33.37317939952926,2.0,1528.0059204751733,52.32613859719218,Africa,Low,54.264789703634584,16.68658969976463
Tanzania,2005,30,1235,33.04924855658543,4.054452089467654,1631.085781040948,52.125374504943395,Africa,Low,40.81582196738301,8.15134766111511
Tanzania,2006,36,1460,35.063585979812174,2.9690294131662482,1655.1402352585148,54.62143119398044,Africa,Low,51.19283553052577,11.80978060517746
Tanzania,2007,26,1148,33.26846133462196,6.453445903832073,1676.2540955871104,51.70389990362318,Africa,Low,38.192193612146006,5.155146851834159
Tanzania,2008,35,1140,34.56850948470291,2.0,1897.684677921067,55.42233351237574,Africa,Low,39.408100812561315,17.284254742351454
Tanzania,2009,28,1088,32.58409578529188,4.340956378575693,1829.9555788549985,52.99543109364577,Africa,Low,35.451496214397565,7.506202077060037
Tanzania,2010,26,1149,32.21752562252933,5.990366332254302,1023.1582829756354,58.53549694196716,Africa,Low,37.0179369402862,5.378222939231362
Tanzania,2011,31,1081,34.01282613133154,5.1610462198618325,1288.2275329493355,58.26861971911812,Africa,Low,36.767865047969394,6.59029675038293
Tanzania,2012,32,1531,29.839474352813625,2.313186176560666,1644.9832001416053,53.1504869142669,Africa,Low,45.68423523415766,12.899728804872982
Tanzania,2013,34,1285,33.586746956488305,6.714949377933256,2107.445590078768,50.08042249338325,Africa,Low,43.15896983908747,5.001787067354738
Tanzania,2014,30,1541,28.597255568151983,2.547182618765398,1539.1464482280012,56.93304539100458,Africa,Low,44.068370830522205,11.227014253894712
Tanzania,2015,27,1109,28.156369234565407,2.0,2116.0047347967898,62.41925202321811,Africa,Low,31.225413481133035,14.078184617282703
Tanzania,2016,30,1229,29.30211408319282,3.284373062324985,1944.318995665726,61.10032589396856,Africa,Low,36.012298208243976,8.921676535262426
Tanzania,2017,29,1330,31.34542073686564,4.559733599670881,1507.2380418297062,62.919203400406104,Africa,Low,41.6894095800313,6.874397385656068
Tanzania,2018,35,1431,29.423992261453062,2.0,1511.8981510163842,54.79062538460905,Africa,Low,42.10573292613933,14.711996130726531
Tanzania,2019,31,1141,32.08845988451727,6.566642006297942,1997.8142604313325,56.52816581003932,Africa,Low,36.612932728234206,4.886585846120717
Tanzania,2020,35,1522,32.108173323973666,3.2932057051205192,1683.2705273715515,60.145454374420325,Africa,Low,48.86863979908792,9.749823181117872
Tanzania,2021,34,1483,30.27811476262873,6.421814464511414,1424.5509400672981,58.77528968026974,Africa,Low,44.90244419297841,4.714884699636422
Tanzania,2022,28,1266,26.767142775366448,2.0,1797.4949763940708,55.49939824461898,Africa,Low,33.88720275361392,13.383571387683224
Uganda,1990,41,1316,33.99913667126239,3.95330154072695,1000.0,50.0,Africa,Lower-middle,44.74286385938131,8.600188050671814
Uganda,1991,41,1684,35.015410565030294,7.912015264085991,1016.6538617882449,50.099819795409616,Africa,Lower-middle,58.96595139151101,4.425599470715295
Uganda,1992,38,1335,37.84314917301254,2.0,1099.9439505056707,50.72881399918914,Africa,Lower-middle,50.520604145971745,18.92157458650627
Uganda,1993,35,1280,37.777988987139175,5.015096059516889,1142.6581204171239,50.724599627207226,Africa,Lower-middle,48.35582590353814,7.532854513414521
Uganda,1994,35,1756,36.11139671176662,4.177622627456229,1147.567772205797,50.497576181803375,Africa,Lower-middle,63.41161262586219,8.644006395990582
Uganda,1995,34,1388,33.84163232658678,2.1638004574302463,1134.8178664762588,52.32486153878109,Africa,Lower-middle,46.972185669302455,15.639904414650825
Uganda,1996,32,1499,32.929684742322756,2.7485134414695533,1231.1394631078465,51.26452409655835,Africa,Lower-middle,49.36159742874182,11.980907295369155
Uganda,1997,36,1307,36.43250526591361,2.0,1062.638356378865,51.76506407272057,Africa,Lower-middle,47.617284382549094,18.216252632956806
Uganda,1998,32,1378,35.13190546091008,2.0,1399.164775492969,53.452992330909325,Africa,Lower-middle,48.411765725134096,17.56595273045504
Uganda,1999,34,1432,35.37131902327878,4.678723012184882,1048.1594833589954,52.002620145596964,Africa,Lower-middle,50.65172884133521,7.56003698683607
Uganda,2000,34,1544,30.23218897441465,4.01564395721463,1061.2395911943815,51.444989710172706,Africa,Lower-middle,46.678499776496224,7.5286029579635825
Uganda,2001,31,1648,33.10206527559651,3.524175152549425,1363.3222719317448,52.52549122544495,Africa,Lower-middle,54.552203574183046,9.392854736987214
Uganda,2002,35,1292,34.67555623829012,6.331202478914212,1041.4336214707423,50.28063725898735,Africa,Lower-middle,44.800818659870835,5.476930544201598
Uganda,2003,26,1349,32.88018135062773,5.5880417434368574,1588.6892128422655,51.833696645426855,Africa,Lower-middle,44.35536464199681,5.884025721397917
Uganda,2004,27,1303,32.10563232084136,2.0,1403.4499996095346,54.397968941844255,Africa,Lower-middle,41.83363891405629,16.05281616042068
Uganda,2005,29,1637,34.911415154059775,4.17680480501846,1032.3090211683268,54.48811063452343,Africa,Lower-middle,57.149986607195856,8.358402363479728
Uganda,2006,29,1106,35.3325124327806,5.724213689443352,1367.2879314251616,54.49927601430774,Africa,Lower-middle,39.07775875065534,6.172465660731909
Uganda,2007,27,1244,35.02344341001157,2.0,1472.1762898650013,55.72462932873693,Africa,Lower-middle,43.569163602054395,17.511721705005787
Uganda,2008,35,1107,34.41156144045705,2.0,1071.4670962631735,56.30791591101005,Africa,Lower-middle,38.09359851458595,17.205780720228525
Uganda,2009,28,1517,31.09912397651537,2.474837480659227,1526.8012641970663,58.69359759100669,Africa,Lower-middle,47.17737107237381,12.56612776376388
Uganda,2010,34,1501,28.995045256110412,3.2609070572771572,1811.4495759038832,53.18030684003618,Africa,Lower-middle,43.52156292942173,8.891711645507966
Uganda,2011,30,1477,32.76309298862391,6.757779328182941,1747.351575010311,56.8420633969144,Africa,Lower-middle,48.39108834419751,4.848204032349394
Uganda,2012,33,1199,31.885612502327604,5.923774514750568,2022.7659744414927,55.310278471629395,Africa,Lower-middle,38.23084939029079,5.382651284739222
Uganda,2013,30,1411,29.394462539194112,6.412064641038751,1072.4005836132403,53.57116049884363,Africa,Lower-middle,41.47558664280289,4.584243014498404
Uganda,2014,31,1535,30.94983942199728,2.0,1106.494488332782,58.228267145022585,Africa,Lower-middle,47.50800351276582,15.47491971099864
Uganda,2015,35,1084,30.368028190211742,6.324627891799514,1974.3658671440937,61.43528013608645,Africa,Lower-middle,32.91894255818953,4.801551760790038
Uganda,2016,33,1368,33.379071147111965,2.8013130625817944,1384.3281681828669,54.191791958940705,Africa,Lower-middle,45.66256932924917,11.915509049298679
Uganda,2017,28,1476,28.781134636709833,4.267320737541178,2181.352049274384,52.03168738206897,Africa,Lower-middle,42.48095472378371,6.744544506231202
Uganda,2018,35,1265,28.545834039548172,6.576441997753765,1698.8136031172198,51.50156831371933,Africa,Lower-middle,36.110480060028436,4.340619752945168
Uganda,2019,35,1118,27.7755808176908,3.8623561194669436,1954.282086046158,53.47626354449231,Africa,Lower-middle,31.053099354178315,7.191356767362041
Uganda,2020,27,1318,27.261197983140743,2.0,2376.4957319741648,64.6978715439674,Africa,Lower-middle,35.9302589417795,13.630598991570372
Uganda,2021,32,1424,29.579832781937686,4.2592001726206,1280.2602401729805,51.96702330463967,Africa,Lower-middle,42.12168188147926,6.944926648924746
Uganda,2022,34,1284,27.043603206355815,5.355185364970459,1663.8202133188574,56.85321898165212,Africa,Lower-middle,34.72398651696087,5.049984522152017
Ghana,1990,34,1258,34.88188236870762,7.005610950355284,1000.0,50.0,Africa,Lower-middle,43.88140801983419,4.979134955665589
Ghana,1991,28,1625,32.85421664707936,2.0,1045.0933569461633,50.46361508724055,Africa,Lower-middle,53.388102051503964,16.42710832353968
Ghana,1992,28,1242,32.78657231887948,3.8012686730841403,1055.623247762323,50.73868106554897,Africa,Lower-middle,40.720922820048315,8.625165737700476
Ghana,1993,34,1377,31.578847307490193,5.963657123757306,1112.5022433130082,51.48809166244387,Africa,Lower-middle,43.484072742414,5.295215109146726
Ghana,1994,29,1290,34.42538719326793,4.5079541976428255,1076.298342495306,51.84394915719795,Africa,Lower-middle,44.40874947931563,7.63658761468089
Ghana,1995,30,1511,35.48478023972653,2.728601407204692,1018.0144895061391,50.04796941862383,Africa,Lower-middle,53.61750294222679,13.00475039924531
Ghana,1996,38,1699,31.85208929526482,5.0843342537517415,1090.7933018056096,50.55027198715262,Africa,Lower-middle,54.11669971265493,6.264751234984421
Ghana,1997,39,1667,33.56357724955844,6.387673737984983,1173.1499324001793,51.38701149396263,Africa,Lower-middle,55.95048327501392,5.25442886194532
Ghana,1998,38,1583,30.638080078614014,3.1767605856511785,1276.5410792275752,52.839630563326494,Africa,Lower-middle,48.50008076444598,9.644441012331988
Ghana,1999,27,1320,30.558299240132293,2.5484647299481575,1427.3648744086101,54.19097290262176,Africa,Lower-middle,40.336954996974626,11.99086606184027
Ghana,2000,36,1423,36.014217650545156,5.312013233043622,1457.4459710637752,54.27877412296682,Africa,Lower-middle,51.248231716725755,6.779768059785142
Ghana,2001,34,1594,32.68860785873161,7.37574852045823,1327.7258482370735,52.57978940074795,Africa,Lower-middle,52.10564092681818,4.4319037949928335
Ghana,2002,26,1405,33.552636989916984,2.7881388247935064,1426.0319387965624,55.25484487698986,Africa,Lower-middle,47.141454970833365,12.03406254077106
Ghana,2003,32,1584,30.411081284461225,6.471006526856796,1485.7605594071852,54.368519025853004,Africa,Lower-middle,48.171152754586586,4.699590575012602
Ghana,2004,31,1270,34.49200345330668,2.0,1319.3260424350844,51.3672692536921,Africa,Lower-middle,43.80484438569948,17.24600172665334
Ghana,2005,29,1391,34.11601722173772,6.811140453449646,1514.0105660768927,54.27436845279461,Africa,Lower-middle,47.455379955437174,5.008855338529826
Ghana,2006,32,1570,32.394783612996775,2.0315325386863075,1347.3810662022217,54.84183973618579,Africa,Lower-middle,50.859810272404935,15.945983141350467
Ghana,2007,33,1599,32.58529954094881,2.368183941009228,1409.9021347565708,50.17969984127559,Africa,Lower-middle,52.10389396597715,13.759615111257878
Ghana,2008,33,1168,29.93437524105797,2.669331849681606,1184.7630423829767,51.59107345326555,Africa,Lower-middle,34.963350281555705,11.214182771853
Ghana,2009,36,1132,31.067567642171653,2.0,1124.724777212766,57.24363031866217,Africa,Lower-middle,35.168486570938306,15.533783821085827
Ghana,2010,25,1517,30.933277685089966,2.645788430402527,1348.969537900744,57.23392480883389,Africa,Lower-middle,46.92578224828148,11.691515969167579
Ghana,2011,32,1150,31.74119131419992,5.014173280271718,1605.036290730632,53.32471693833422,Africa,Lower-middle,36.50237001132991,6.330294056467044
Ghana,2012,31,1410,29.698974008203752,2.191762454154561,1709.932783273979,50.08423563955524,Africa,Lower-middle,41.875553351567284,13.550270446465733
Ghana,2013,32,1535,31.605020496859627,2.0,1381.3619528872123,56.669043324052204,Africa,Lower-middle,48.51370646267952,15.802510248429813
Ghana,2014,31,1458,32.74597886944859,2.955975819276149,1032.0125630867324,60.52525447161376,Africa,Lower-middle,47.74363719165605,11.077891319647984
Ghana,2015,33,1470,28.987240240950243,3.383848117059813,2023.288556856613,54.50980074189722,Africa,Lower-middle,42.611243154196856,8.566353819135632
Ghana,2016,36,1293,31.008920240652895,3.343987396924099,2013.3590544638298,57.25964281134424,Africa,Lower-middle,40.094533871164195,9.273037413112213
Ghana,2017,28,1460,32.708449690510584,5.7532334413527195,1994.4136894014175,56.221065837639635,Africa,Lower-middle,47.75433654814545,5.685229014941563
Ghana,2018,24,1034,32.06931711312942,5.740624800556765,2007.4916081143106,62.43706441261848,Africa,Lower-middle,33.159673894975825,5.586380965016058
Ghana,2019,35,1530,30.86168094463599,2.906499371193596,1207.61937837567,61.088332999290735,Africa,Lower-middle,47.21837184529306,10.618161920317977
Ghana,2020,33,1287,28.1087796965817,3.282000010343132,1325.0237295648349,60.646984275867595,Africa,Lower-middle,36.175999469500645,8.564527607555654
Ghana,2021,29,1034,32.40719942501955,2.0,2029.481575106149,57.36749437103515,Africa,Lower-middle,33.50904420547021,16.203599712509774
Ghana,2022,31,1097,31.85753800518327,2.0,2541.359614069006,65.25122779018331,Africa,Lower-middle,34.94771919168605,15.928769002591634
Kenya,1990,24,1159,26.58813551301632,3.468381007116262,1000.0,50.0,Africa,Lower-middle,30.815649059585915,7.665863542230229
Kenya,1991,21,927,27.347374708310735,5.249005927319721,1009.4122956040588,50.11901131471892,Africa,Lower-middle,25.35101635460405,5.210010254698839
Kenya,1992,22,953,23.448267188146502,5.694952443943923,1002.8698247328687,50.94033556536457,Africa,Lower-middle,22.34619863030362,4.117377171969479
Kenya,1993,26,1014,23.024335305508483,2.0,1102.6498142033379,51.387377297781505,Africa,Lower-middle,23.346675999785603,11.512167652754242
Kenya,1994,19,983,23.373975713228823,2.0,1153.8173335156453,51.912674243906096,Africa,Lower-middle,22.976618126103936,11.686987856614412
Kenya,1995,22,1084,25.19259213707344,5.455750830079935,1224.339117989061,51.68184243923532,Africa,Lower-middle,27.308769876587608,4.61762146434102
Kenya,1996,27,1041,24.05309806444024,3.9311833708539776,1219.9974902305623,50.04544269885109,Africa,Lower-middle,25.039275085082288,6.118538820338758
Kenya,1997,28,861,22.163707406585324,2.0,1286.1048253516685,50.39605452855945,Africa,Lower-middle,19.082952077069965,11.081853703292662
Kenya,1998,26,1001,21.87100771192366,2.0,1190.680136909724,51.63230381677335,Africa,Lower-middle,21.892878719635583,10.93550385596183
Kenya,1999,21,810,25.81807727264971,6.592380535086641,1213.540551931234,50.406623174221764,Africa,Lower-middle,20.912642590846268,3.916351177732854
Kenya,2000,19,999,21.388128319903505,2.8778480505432484,1194.1989604127025,51.62924368512948,Africa,Lower-middle,21.366740191583602,7.431986659568802
Kenya,2001,21,1067,23.362906803685668,4.231620300730667,1462.6308376354366,52.473885746198306,Africa,Lower-middle,24.92822155953261,5.521030986558891
Kenya,2002,24,1067,24.920713531426397,4.670240042652869,1497.5986436295375,55.417370043065844,Africa,Lower-middle,26.590401338031967,5.33606694812854
Kenya,2003,19,793,23.575932327622343,5.034495047681568,1291.1876263635174,50.1938424825027,Africa,Lower-middle,18.695714335804517,4.682879237010925
Kenya,2004,23,765,23.4924043639016,5.246491635316043,1019.6493139725799,50.93927404543161,Africa,Lower-middle,17.971689338384724,4.477735979938609
Kenya,2005,26,881,21.731484254212756,4.357300270411107,1463.1657589348545,50.39950151571478,Africa,Lower-middle,19.14543762796144,4.987373581247915
Kenya,2006,18,1000,21.88712256931042,5.007524823981366,1163.175976337171,56.26507586963516,Africa,Lower-middle,21.88712256931042,4.370846543683927
Kenya,2007,18,900,20.82107683501987,2.1685659714100534,1534.4146755897636,53.756117954062034,Africa,Lower-middle,18.738969151517882,9.601311239556853
Kenya,2008,23,1003,20.908474137863717,2.00319957792331,1772.4674178373393,57.96323370651686,Africa,Lower-middle,20.97119956027731,10.437539208918588
Kenya,2009,20,846,24.61349311222287,2.0,1515.795038866249,52.84996079569874,Africa,Lower-middle,20.823015172940547,12.306746556111435
Kenya,2010,25,928,22.05363271769481,2.9453366287606513,1487.5719380308876,57.36934664190124,Africa,Lower-middle,20.465771162020786,7.487644197388267
Kenya,2011,19,984,24.05497292768425,5.276848151855284,1496.1497368596697,50.71847558434148,Africa,Lower-middle,23.670093360841303,4.558587292155977
Kenya,2012,23,977,21.787703346545168,6.877721906458438,1110.1468569933631,53.852117370789934,Africa,Lower-middle,21.28658616957463,3.167866285213669
Kenya,2013,23,799,22.789695265881193,3.172376657831294,1266.1972068914442,61.16209150311258,Africa,Lower-middle,18.208966517439073,7.18379238153288
Kenya,2014,22,831,20.34310792126513,2.0,1501.1622503137737,54.71638295623192,Africa,Lower-middle,16.905122682571324,10.171553960632565
Kenya,2015,26,988,23.05880938236318,5.94593306497793,1575.8163273166836,59.250439350210115,Africa,Lower-middle,22.78210366977482,3.878080888293479
Kenya,2016,25,831,21.975414062540363,4.562244362712735,2248.8074359962566,60.12209094458438,Africa,Lower-middle,18.26156908597104,4.816798995280837
Kenya,2017,22,923,20.01315358413137,2.0,1961.4267338906557,62.82616055436122,Africa,Lower-middle,18.472140758153255,10.006576792065685
Kenya,2018,19,751,19.602385731958275,2.0,1213.8551167187613,61.501564321706034,Africa,Lower-middle,14.721391684700665,9.801192865979138
Kenya,2019,25,735,20.013247909183292,2.0,2083.1543025655064,55.79146539174704,Africa,Lower-middle,14.70973721324972,10.006623954591646
Kenya,2020,24,796,19.333197097324337,5.124533836763017,1793.7740815797204,50.34468246174585,Africa,Lower-middle,15.38922488947017,3.772674298417048
Kenya,2021,22,1009,21.248570228659805,3.392095663398672,1361.5873863568572,64.87758595457088,Africa,Lower-middle,21.439807360717744,6.264142387827011
Kenya,2022,23,919,21.467372388054226,6.517798372635309,1215.1219519356337,55.8848002526226,Africa,Lower-middle,19.728515224621834,3.2936539550201567
Cameroon,1990,26,1027,23.523428949028236,5.265525307333067,1000.0,50.0,Africa,Lower-middle,24.158561530651998,4.467442007403931
Cameroon,1991,20,1029,24.275854893108654,6.335947860589388,1004.0986592492914,50.06452685000067,Africa,Lower-middle,24.979854685008807,3.8314480212358384
Cameroon,1992,26,1053,23.064465914081726,4.233699595897766,1026.4650200401668,50.552080977403016,Africa,Lower-middle,24.286882607528057,5.447827695765185
Cameroon,1993,21,801,22.858850248748812,2.0,1080.127763060394,50.08618519564273,Africa,Lower-middle,18.3099390492478,11.429425124374406
Cameroon,1994,29,928,25.652849808494214,5.262030494231315,1044.2966075800696,51.74846383390858,Africa,Lower-middle,23.80584462228263,4.875085736697469
Cameroon,1995,28,950,24.92824033225223,2.0,1115.3711659562412,50.11133487052919,Africa,Lower-middle,23.681828315639617,12.464120166126115
Cameroon,1996,27,872,23.629146672624447,4.902273847971414,1221.453614142898,52.53879384919401,Africa,Lower-middle,20.604615898528518,4.820038089549467
Cameroon,1997,22,1156,24.68591639458579,6.93236883924011,1012.1138271268294,53.32759178232028,Africa,Lower-middle,28.536919352141172,3.560964075490786
Cameroon,1998,23,909,24.238506901663623,4.688573173064671,1170.6167067418821,50.356401788679975,Africa,Lower-middle,22.032802773612236,5.169697903172577
Cameroon,1999,21,885,25.679983743767284,2.0,1068.8655533895064,53.46046496954787,Africa,Lower-middle,22.726785613234046,12.839991871883642
Cameroon,2000,21,1068,23.406343078907632,3.8801445285934544,1113.3093240041678,54.61203303473667,Africa,Lower-middle,24.997974408273354,6.032337946801273
Cameroon,2001,22,932,22.654393204036626,2.0,1293.8108397140102,50.130135312216595,Africa,Lower-middle,21.113894466162137,11.327196602018313
Cameroon,2002,24,799,24.594096381284245,6.474902599069688,1425.9904308740452,54.871849959482134,Africa,Lower-middle,19.650683008646112,3.798373180905905
Cameroon,2003,19,1044,23.23395765485874,2.0,1344.770879506766,54.07068900094077,Africa,Lower-middle,24.256251791672526,11.61697882742937
Cameroon,2004,25,1026,24.486543031467104,3.148539948258802,1093.9697757664712,54.756369068187105,Africa,Lower-middle,25.12319315028525,7.777110481005201
Cameroon,2005,26,983,24.853231815125934,6.634869608552642,1100.3432506119368,55.97570280765272,Africa,Lower-middle,24.430726874268792,3.7458508277372946
Cameroon,2006,18,808,23.366426175172943,3.364935049120598,1222.8981728077104,55.139639082204354,Africa,Lower-middle,18.88007234953974,6.944094264547423
Cameroon,2007,26,1051,24.970930936055666,3.040470992144224,1532.2736555387016,51.86433271565807,Africa,Lower-middle,26.244448413794505,8.212849588295358
Cameroon,2008,20,810,25.013742532039206,6.174719319824907,1350.903222249201,54.15781928409905,Africa,Lower-middle,20.26113145095176,4.050992642164099
Cameroon,2009,24,879,22.94171951139391,2.0,1821.018431455007,58.04374000349725,Africa,Lower-middle,20.165771450515248,11.470859755696955
Cameroon,2010,22,971,21.565007932823534,2.0,1874.2442174453627,58.7690353044489,Africa,Lower-middle,20.93962270277165,10.782503966411767
Cameroon,2011,23,816,23.59986141314733,2.0,1588.0059698406174,50.380370682693126,Africa,Lower-middle,19.257486913128222,11.799930706573665
Cameroon,2012,20,1057,21.091556486414785,5.657542012340332,1938.4281928550479,51.85095458316037,Africa,Lower-middle,22.293775206140428,3.7280423972830437
Cameroon,2013,20,867,22.975186873167168,3.1085133831089222,1413.428450535708,60.96756759573641,Africa,Lower-middle,19.919487019035937,7.391052905871346
Cameroon,2014,19,765,22.238246767165915,2.0,2085.176856988419,52.77398465184636,Africa,Lower-middle,17.012258776881925,11.119123383582957
Cameroon,2015,18,907,21.019415383009743,3.7618621180999683,1572.437107318699,54.824064031603754,Africa,Lower-middle,19.06460975238984,5.587502870420508
Cameroon,2016,23,1013,21.57004956084733,4.7949741367290235,1356.6463843075041,51.16685607325728,Africa,Lower-middle,21.850460205138344,4.498470470491781
Cameroon,2017,21,1031,22.58791502637621,6.300158107343594,1286.8633911535599,50.97591679422535,Africa,Lower-middle,23.288140392193874,3.585293359550337
Cameroon,2018,22,915,21.267093307688523,2.9906821643089456,2008.0132277113507,59.22981354558385,Africa,Lower-middle,19.459390376534998,7.111117845116347
Cameroon,2019,24,886,21.502213477422167,2.0,1957.752329211297,57.56479407316566,Africa,Lower-middle,19.05096114099604,10.751106738711083
Cameroon,2020,22,825,22.67541168069165,2.0,1113.2832098641672,57.22808400216549,Africa,Lower-middle,18.707214636570612,11.337705840345825
Cameroon,2021,20,807,19.09499589575899,5.0001898340639315,1576.3071685624498,50.32146706631098,Africa,Lower-middle,15.409661687877506,3.81885418942973
Cameroon,2022,20,732,19.283424311273894,6.597825489650543,1078.7425864268084,64.07709497736712,Africa,Lower-middle,14.11546659585249,2.922693899910234
Mozambique,1990,27,915,27.280519165064547,2.0,1000.0,50.0,Africa,Lower-middle,24.96167503603406,13.640259582532273
Mozambique,1991,25,1175,23.00641030951566,3.9149904075864796,1014.8412074824363,50.21298865036643,Africa,Lower-middle,27.0325321136809,5.876492127524443
Mozambique,1992,23,1174,24.155613223737433,7.347358385607564,1071.7615228785578,50.477594904387345,Africa,Lower-middle,28.358689924667747,3.287659585389881
Mozambique,1993,23,866,24.624700050128922,3.229701389739402,1070.871762342827,50.01995793057925,Africa,Lower-middle,21.324990243411644,7.624451018400756
Mozambique,1994,22,872,25.231978893305378,7.054766739219418,1172.9108049991082,51.053174352061134,Africa,Lower-middle,22.00228559496229,3.576585849824596
Mozambique,1995,25,1010,24.57135041766927,4.650465775546134,1007.7989832877073,51.951940333278266,Africa,Lower-middle,24.81706392184596,5.28363213570445
Mozambique,1996,28,792,25.650869153145642,7.585375399734497,1119.966237764682,50.200032769008196,Africa,Lower-middle,20.31548836929135,3.3816215811868022
Mozambique,1997,21,1006,24.378096504150985,2.0,1237.7836483731812,50.883016700203456,Africa,Lower-middle,24.52436508317589,12.189048252075493
Mozambique,1998,21,775,21.72155358051954,2.0,1051.2808579577813,50.43888102850406,Africa,Lower-middle,16.834204024902643,10.86077679025977
Mozambique,1999,27,1079,22.08185086986623,2.68224922223009,1185.1930589788922,50.88592632495863,Africa,Lower-middle,23.826317088585665,8.2325872953397
Mozambique,2000,27,1090,25.29199893002929,7.054016959896405,1461.9348591229057,51.36606571396129,Africa,Lower-middle,27.568278833731924,3.585474641444685
Mozambique,2001,25,798,24.212607567665845,6.619996875919359,1260.227954074723,52.24987483066548,Africa,Lower-middle,19.321660838997346,3.657495316310598
Mozambique,2002,21,948,22.38940103853068,5.664500454662572,1416.1779298972294,55.984020524147354,Africa,Lower-middle,21.225152184527083,3.952581735623568
Mozambique,2003,20,750,21.296892802399313,2.0,1126.6352106743532,50.30239803026134,Africa,Lower-middle,15.972669601799485,10.648446401199656
Mozambique,2004,25,898,23.804637184007188,2.0,1442.6958619934276,54.56718449574031,Africa,Lower-middle,21.376564191238455,11.902318592003594
Mozambique,2005,24,944,23.023074723079464,3.052819170348573,1272.6023695290303,50.39662457395457,Africa,Lower-middle,21.73378253858701,7.541578271879979
Mozambique,2006,26,907,20.888705833556806,3.88412494677847,1117.1333565236237,56.73875653354304,Africa,Lower-middle,18.94605619103602,5.377969586401203
Mozambique,2007,22,1060,21.764685717296196,4.10455195401887,1590.5311432176118,58.389781393683464,Africa,Lower-middle,23.07056686033397,5.302572841351379
Mozambique,2008,20,1037,22.790602769629785,2.0,1288.7639537001949,51.445297766545565,Africa,Lower-middle,23.63385507210609,11.395301384814893
Mozambique,2009,23,1036,24.2328761866733,2.0,1478.0445683294463,56.10801255018395,Africa,Lower-middle,25.105259729393534,12.11643809333665
Mozambique,2010,21,1002,21.957245152183734,2.0,1282.2053225903205,56.96859981460916,Africa,Lower-middle,22.0011596424881,10.978622576091867
Mozambique,2011,22,945,21.183975298570708,5.916070850616311,1097.7335981034978,51.42229029232668,Africa,Lower-middle,20.018856657149318,3.5807507775813487
Mozambique,2012,24,1029,22.92198578817532,2.083618482518467,1647.1731117700056,59.01653998149985,Africa,Lower-middle,23.586723376032406,11.001047447260856
Mozambique,2013,22,976,20.727875930580595,6.412210773428986,1917.0211976385372,52.51683210502263,Africa,Lower-middle,20.23040690824666,3.232563099215808
Mozambique,2014,26,959,21.598078386701317,2.0,1919.743005000219,52.02394909271218,Africa,Lower-middle,20.712557172846562,10.799039193350659
Mozambique,2015,22,969,22.387386679348467,5.499582249701133,1417.5488543089455,50.27082606683584,Africa,Lower-middle,21.693377692288664,4.07074313336528
Mozambique,2016,23,794,21.267182716878157,2.1669218685295584,1571.7903311674706,57.98157702201827,Africa,Lower-middle,16.886143077201258,9.814466790770707
Mozambique,2017,18,968,22.423812921439342,2.0,1178.2838241432864,50.35093531994042,Africa,Lower-middle,21.706250907953283,11.211906460719671
Mozambique,2018,18,732,21.076742917731707,6.729500095478648,2293.3129011145475,54.984529959386144,Africa,Lower-middle,15.42817581577961,3.1319923647660763
Mozambique,2019,23,981,19.64296820239998,2.0,1169.7626992523685,63.23156374457603,Africa,Lower-middle,19.269751806554382,9.82148410119999
Mozambique,2020,21,830,22.119449333790328,4.8230083507649155,2212.788334458138,55.08194712772908,Africa,Lower-middle,18.359142947045974,4.58623492333001
Mozambique,2021,17,737,21.389656539208264,5.001670383262456,2295.4653750368384,61.9358265207817,Africa,Lower-middle,15.764176869396492,4.2765026281592675
Mozambique,2022,22,774,19.98509723128984,4.088726507445386,1578.4246346222535,52.323614549848614,Africa,Lower-middle,15.468465257018336,4.887853759574743
Niger,1990,20,890,24.079519693581624,2.0,1000.0,50.0,Africa,Lower-middle,21.430772527287644,12.039759846790812
Niger,1991,24,803,26.981101082980537,4.743361211174897,1008.9574685653372,50.05313713876677,Africa,Lower-middle,21.66582416963337,5.688181835997581
Niger,1992,21,810,27.165102372485908,4.599102763314826,1068.8382756451415,50.53211528673189,Africa,Lower-middle,22.003732921713585,5.906609130191848
Niger,1993,28,838,26.980419383356907,3.8460861089323966,1041.5021224099078,51.469497089661424,Africa,Lower-middle,22.609591443253088,7.015032586164895
Niger,1994,27,1038,25.347721272892617,4.631462110903545,1121.9355348289396,51.192180049420294,Africa,Lower-middle,26.310934681262538,5.472941517370541
Niger,1995,25,887,24.22551639788074,2.0,1193.1708329682924,51.93612529084044,Africa,Lower-middle,21.488033044920215,12.11275819894037
Niger,1996,20,926,23.168759538042494,2.0,1032.1676224521868,50.53239053209399,Africa,Lower-middle,21.45427133222735,11.584379769021247
Niger,1997,27,798,21.92560297293839,5.692059873489247,1101.147943565191,52.494054054847055,Africa,Lower-middle,17.496631172404836,3.8519628149128975
Niger,1998,21,823,25.553372107536966,2.6566518876510212,1222.6844145934526,51.690227971439654,Africa,Lower-middle,21.030425244502922,9.618637739598974
Niger,1999,28,1109,25.983086775878068,7.601886191198869,1058.3439533646683,50.443468002348325,Africa,Lower-middle,28.81524323444878,3.4179789229099677
Niger,2000,27,1092,23.76260243822973,4.372191460076339,1113.130974263813,51.726743204909326,Africa,Lower-middle,25.948761862546867,5.434940957003478
Niger,2001,21,1047,25.871611934425243,2.0,1317.3773546302386,50.49103634849718,Africa,Lower-middle,27.087577695343228,12.935805967212621
Niger,2002,23,1047,21.645519064925157,5.330219552679187,1287.145928313516,55.27775259899654,Africa,Lower-middle,22.66285846097664,4.060905718985858
Niger,2003,20,842,23.360375856084623,2.0,1006.5463063554998,50.181655645464375,Africa,Lower-middle,19.669436470823253,11.680187928042312
Niger,2004,19,1045,22.516053990428397,6.087698868633922,1039.1521707132729,51.51334095918187,Africa,Lower-middle,23.529276419997675,3.6986149407684143
Niger,2005,22,838,25.418037365473108,3.4474179911757696,1524.234570668168,50.29018541328481,Africa,Lower-middle,21.300315312266463,7.373065125997118
Niger,2006,25,1000,22.509092920787545,7.095145926464695,1156.9530270662513,53.547398706538615,Africa,Lower-middle,22.509092920787545,3.172463703224096
Niger,2007,26,888,22.86161577781286,2.328865036370823,1698.3925844990476,53.23675665524683,Africa,Lower-middle,20.301114810697822,9.816634034507711
Niger,2008,21,878,21.2270824120715,6.040517793306105,1391.1846399271851,53.7044979906662,Africa,Lower-middle,18.637378357798777,3.514116361944108
Niger,2009,26,776,20.843643196557363,3.9195819014095648,1040.414791531826,51.091629040973714,Africa,Lower-middle,16.174667120528515,5.317823104821855
Niger,2010,19,847,21.716382258378893,5.023377885107368,1345.8501941359305,51.957454942105365,Africa,Lower-middle,18.393775772846922,4.323063634683086
Niger,2011,26,752,22.300047947473345,4.521185629901601,1648.4089527816332,51.642138968692365,Africa,Lower-middle,16.769636056499955,4.932345135308829
Niger,2012,24,810,20.706507142993445,2.0,1024.8805194278407,53.90640483978788,Africa,Lower-middle,16.77227078582469,10.353253571496722
Niger,2013,21,1034,20.73152941793226,6.1457231769313525,1938.2483542548775,54.694732241121926,Africa,Lower-middle,21.43640141814196,3.3733262662643733
Niger,2014,25,737,21.147417711847183,3.264596999829054,2139.4676978957186,60.971141480012626,Africa,Lower-middle,15.585646853631372,6.4778034510705425
Niger,2015,19,773,20.84764240376299,5.7133590296701104,2206.0271386418426,54.03815143292157,Africa,Lower-middle,16.115227578108794,3.648929166799926
Niger,2016,20,914,20.664424907555286,4.809397945635053,1566.0382218053712,50.051326354602594,Africa,Lower-middle,18.887284365505533,4.296676037446652
Niger,2017,24,869,21.88471357969943,5.465081398584494,1376.8051024536983,53.67295394538657,Africa,Lower-middle,19.017816100758807,4.004462510909311
Niger,2018,24,882,19.90688576790219,2.0,1863.1286018162755,57.58307649189511,Africa,Lower-middle,17.55787324728973,9.953442883951094
Niger,2019,20,734,20.438514008404365,3.8809207167765276,1080.5083987097134,54.14915239018552,Africa,Lower-middle,15.001869282168803,5.266408540646635
Niger,2020,20,715,23.342615285882616,3.6088062516713655,2478.34495921075,54.55292915933682,Africa,Lower-middle,16.68996992940607,6.468237322264621
Niger,2021,23,679,19.127547744468725,4.131905757789106,1310.9811030949074,64.5156536479024,Africa,Lower-middle,12.987604918494265,4.62923136821578
Niger,2022,19,918,20.113261487497667,6.364790497702964,2291.451627383828,60.40321569711383,Africa,Lower-middle,18.463974045522857,3.1600822516870726
Burkina Faso,1990,22,917,26.903765818903146,2.17863093895561,1000.0,50.0,Africa,Lower-middle,24.670753255934184,12.348932229797601
Burkina Faso,1991,24,1031,23.1367681328876,4.102773698067157,1020.8300351348547,50.426101692470155,Africa,Lower-middle,23.854007945007112,5.639299126780373
Burkina Faso,1992,25,1038,22.600506165087886,2.0,1038.4528526029396,50.19248929720625,Africa,Lower-middle,23.459325399361227,11.300253082543943
Burkina Faso,1993,20,1009,24.69162194572623,4.813192888135542,1090.4551831666784,51.16119335569413,Africa,Lower-middle,24.913846543237767,5.12998803903969
Burkina Faso,1994,20,1143,23.394938670117256,2.091304181332858,1065.8653693906288,50.50778181562397,Africa,Lower-middle,26.74041489994402,11.186769901261746
Burkina Faso,1995,27,915,26.38522804086906,4.264038293856375,1182.6697921784823,51.36115842012274,Africa,Lower-middle,24.14248365739519,6.187849691426291
Burkina Faso,1996,26,1100,23.705205276385023,6.638383516380191,1077.1479287260265,51.147182894818926,Africa,Lower-middle,26.075725804023524,3.5709303654861912
Burkina Faso,1997,28,1044,26.440244781670412,4.256399511218568,1105.057243191302,53.171338432792275,Africa,Lower-middle,27.60361555206391,6.211880419585147
Burkina Faso,1998,24,821,26.214376816728212,5.1352441037113525,1060.4796604230892,52.76272465032689,Africa,Lower-middle,21.522003366533863,5.104796634259803
Burkina Faso,1999,26,1144,25.31793344219614,2.176524222915522,1123.9980937511152,52.17692596905745,Africa,Lower-middle,28.963715857872383,11.632277360222519
Burkina Faso,2000,25,883,25.718093822007596,6.249009966247012,1336.8750549756874,50.90111085965646,Africa,Lower-middle,22.70907684483271,4.115546936381859
Burkina Faso,2001,21,1049,25.43715403260833,5.871777557425742,1057.3182722653087,52.69852175216029,Africa,Lower-middle,26.683574580206137,4.332104509040748
Burkina Faso,2002,26,1037,23.767605860327,6.5283239659130645,1553.1772690875885,51.967171647178596,Africa,Lower-middle,24.647007277159098,3.6406903187444395
Burkina Faso,2003,27,782,25.648861530646887,2.0,1089.6803916747344,55.41350079113431,Africa,Lower-middle,20.057409716965864,12.824430765323443
Burkina Faso,2004,19,946,25.061821074667694,3.4848025193029954,1072.771021204057,54.02476941392837,Africa,Lower-middle,23.70848273663564,7.191747864002456
Burkina Faso,2005,22,854,21.905252459056772,2.0,1313.836475474051,57.407700405456495,Africa,Lower-middle,18.707085600034482,10.952626229528386
Burkina Faso,2006,25,971,24.523320836050097,6.984546595312883,1035.332337315802,56.13529634763748,Africa,Lower-middle,23.81214453180464,3.5110827168805705
Burkina Faso,2007,25,796,23.923170765294632,2.0,1507.4638542967155,57.21419882071935,Africa,Lower-middle,19.042843929174527,11.961585382647316
Burkina Faso,2008,23,991,23.39784666192257,2.0,1887.8808699689107,51.49966316934016,Africa,Lower-middle,23.187266041965266,11.698923330961286
Burkina Faso,2009,25,778,23.495743112067302,2.0,1267.9532434607647,58.93874691222174,Africa,Lower-middle,18.279688141188362,11.747871556033651
Burkina Faso,2010,20,873,21.59068740633593,2.0,1755.742415468906,55.43611707324778,Africa,Lower-middle,18.848670105731266,10.795343703167966
Burkina Faso,2011,26,1040,22.380790016209165,6.833178896834818,1696.8652506021713,53.2679943329437,Africa,Lower-middle,23.27602161685753,3.2753115869066622
Burkina Faso,2012,23,1065,22.563442527543074,2.0,1799.5585980605658,58.06418660012403,Africa,Lower-middle,24.03006629183337,11.281721263771537
Burkina Faso,2013,21,896,23.442869590349133,2.0,1083.07997665045,50.78527335614997,Africa,Lower-middle,21.004811152952826,11.721434795174567
Burkina Faso,2014,21,787,22.147533203587628,5.8525725967296,1325.7133941746822,50.74912031128384,Africa,Lower-middle,17.43010863122346,3.784238954329862
Burkina Faso,2015,20,710,23.96016302998248,2.0,1842.168783398802,56.701647258799476,Africa,Lower-middle,17.01171575128756,11.98008151499124
Burkina Faso,2016,21,876,20.703258693185173,4.196184394424715,1997.7493770500616,50.869417541098045,Africa,Lower-middle,18.13605461523021,4.933829581152983
Burkina Faso,2017,19,713,23.340049140172088,2.0,1033.783248812012,51.44273212697037,Africa,Lower-middle,16.6414550369427,11.670024570086044
Burkina Faso,2018,19,903,23.644535615014135,3.513503422932079,2184.6480567819344,57.24659124383079,Africa,Lower-middle,21.351015660357763,6.729617925142752
Burkina Faso,2019,25,750,19.64684388842201,5.811195519840546,1515.4245306273285,55.55115508431865,Africa,Lower-middle,14.735132916316507,3.3808609297938577
Burkina Faso,2020,19,886,20.61332675198315,2.0,2301.9207026660324,63.328021218964366,Africa,Lower-middle,18.263407502257067,10.306663375991574
Burkina Faso,2021,19,868,19.247915553832414,2.0,1232.5250999550187,51.007517992550476,Africa,Lower-middle,16.707190700726535,9.623957776916207
Burkina Faso,2022,22,785,20.069744292861234,5.566158478088208,1838.4266730256804,52.619926686547274,Africa,Lower-middle,15.754749269896068,3.605672452889723
Malawi,1990,20,807,26.450748147668797,7.27861394304896,1000.0,50.0,Africa,Lower-middle,21.34575375516872,3.6340364188334418
Malawi,1991,26,992,26.9359124954913,4.7822814549499535,1029.818776123864,50.21366047840498,Africa,Lower-middle,26.720425195527373,5.632439819620191
Malawi,1992,23,977,23.769644806483925,2.502042346086491,1080.6377581773115,50.174377046784194,Africa,Lower-middle,23.222942975934796,9.500096928280467
Malawi,1993,24,1144,22.74748626235806,2.0,1024.065746652821,50.89117462735956,Africa,Lower-middle,26.02312428413762,11.37374313117903
Malawi,1994,23,933,22.528423474288143,5.614550622216671,1032.8682321544734,50.208335528146556,Africa,Lower-middle,21.019019101510835,4.012506964518869
Malawi,1995,25,825,23.67473210908766,4.0140670532514795,1093.1214783341418,51.49942027231322,Africa,Lower-middle,19.53165398999732,5.8979413634634295
Malawi,1996,26,888,24.10937902826926,2.0,1245.2659815539675,50.05177500885336,Africa,Lower-middle,21.409128577103104,12.05468951413463
Malawi,1997,25,1019,25.31275718416349,4.565283818511453,1207.2579004899953,52.063561644157566,Africa,Lower-middle,25.793699570662596,5.544618514521385
Malawi,1998,27,951,25.36411793307898,4.016792097063838,1366.3115394335737,53.18480866679261,Africa,Lower-middle,24.12127615435811,6.314520971005553
Malawi,1999,28,1138,24.987980831165054,7.51158052794739,1041.0370526056008,51.11021881357123,Africa,Lower-middle,28.436322185865833,3.326594281748751
Malawi,2000,23,995,24.234591005697286,2.0,1203.8629023806538,54.76304120106494,Africa,Lower-middle,24.1134180506688,12.117295502848643
Malawi,2001,23,876,23.730824472775815,3.3455267902923342,1039.8466139495918,50.72150555290103,Africa,Lower-middle,20.788202238151616,7.093299788133575
Malawi,2002,27,936,22.663760060219722,5.6802327051486685,1233.4193323624806,52.767473860541045,Africa,Lower-middle,21.213279416365662,3.9899351376356234
Malawi,2003,23,924,24.19715843327547,5.9370549986396925,1376.066444666935,55.89428868781078,Africa,Lower-middle,22.358174392346534,4.075616351679336
Malawi,2004,23,753,22.867418532633298,2.0,1626.435880697168,53.49535797813333,Africa,Lower-middle,17.219166155072877,11.433709266316649
Malawi,2005,20,754,23.55226374193988,2.0,1036.416099573884,50.84740241665181,Africa,Lower-middle,17.758406861422667,11.77613187096994
Malawi,2006,24,783,24.99607365383702,3.860906289279735,1643.1307750458566,53.044472387908606,Africa,Lower-middle,19.571925670954386,6.474146685000252
Malawi,2007,24,957,24.764573053485606,2.0,1758.927376139156,51.41023128717605,Africa,Lower-middle,23.699696412185723,12.382286526742803
Malawi,2008,19,751,24.563460228269054,4.396535331003892,1577.8203898521099,56.61045385031598,Africa,Lower-middle,18.44715863143006,5.587003942638693
Malawi,2009,18,789,21.651177321561214,2.353375611472244,1305.8258497191202,52.48654324972015,Africa,Lower-middle,17.0827789067118,9.20005171125934
Malawi,2010,20,992,21.54301815190505,3.0261254270381213,1083.0154356174316,53.69485355706586,Africa,Lower-middle,21.37067400668981,7.119010322381348
Malawi,2011,21,878,23.816318367370858,5.323398311328195,1663.923280423168,54.19681902926809,Africa,Lower-middle,20.910727526551614,4.47389373751908
Malawi,2012,20,840,22.01368965979075,3.8913539975709073,1805.4634277756597,58.72538275950391,Africa,Lower-middle,18.49149931422423,5.657077118538256
Malawi,2013,20,1021,21.07236391692907,4.378287346252307,1708.5741988257291,52.68615623720433,Africa,Lower-middle,21.514883559184582,4.812923924457912
Malawi,2014,20,1036,22.10955366937424,3.9634612462500183,2102.3252758410563,50.61029567942351,Africa,Lower-middle,22.905497601471716,5.578344859633214
Malawi,2015,17,725,19.940243732174228,2.0,1813.7394497529904,55.096588786968155,Africa,Lower-middle,14.456676705826316,9.970121866087114
Malawi,2016,23,817,22.92850763283519,2.0,2161.1980649823463,58.68678488627566,Africa,Lower-middle,18.73259073602635,11.464253816417594
Malawi,2017,24,1002,22.15207201450999,6.388321292570065,2332.471393282729,59.281523096455295,Africa,Lower-middle,22.19637615853901,3.467588901684383
Malawi,2018,20,989,23.07702516576256,6.132658997327964,2225.1505210928417,50.07987790614614,Africa,Lower-middle,22.82317788893917,3.7629721750088105
Malawi,2019,24,690,20.66998628421171,2.0,1056.9423504642905,59.10088834149507,Africa,Lower-middle,14.26229053610608,10.334993142105855
Malawi,2020,20,923,22.36962588060565,4.676411617282807,1246.6638326525592,52.36383887398062,Africa,Lower-middle,20.647164687799012,4.783502332842836
Malawi,2021,25,716,22.99080186421284,4.943852812872104,1004.2462938051477,60.21662585894678,Africa,Lower-middle,16.461414134776394,4.650381541366411
Malawi,2022,24,905,19.476043452662243,4.386838694738804,2315.7547739834163,61.71550479875019,Africa,Lower-middle,17.62581932465933,4.439653428793752
